PurchasedPhoneNumberId,OrderId,DialedNumber,IngestedFrom,DateIngested,DateOrdered,OrderResponse,Completed
710acc09-7a9a-4311-ac80-5bd3df5f2662,799cc220-5931-46d8-9a21-03ce523e8ec2,8605530426,Test,06/13/2020 19:44:12,06/14/2020 19:44:12,"""code"":200,",True
5794c009-a286-45a6-9b55-55e40874f8aa,b69e947d-0241-4218-bf8b-f0ba41e6316e,2026020610,FirstPointCom,06/13/2020 23:45:15,06/14/2020 20:19:42,Not a purchasable number.,False
aba47faa-cb21-47f1-98cb-f6e11b766b19,007e32f0-4c4f-49a1-b8d5-cf3c470c4355,2052937206,BulkVS,06/14/2020 00:02:15,06/14/2020 20:20:40,Not a purchasable number.,False
ae9e3cba-b41b-4c43-a5ea-f710fd6c3d34,f535f448-dbe2-419b-b131-f709d5798702,7743808134,TeleMessage,06/14/2020 07:36:18,06/14/2020 20:30:29,"{""code"":200,""status"":""success"",""data"":{""id"":""24784705"",""user_id"":""396"",""call_flow_id"":""20044"",""channel_group_id"":""65"",""voicemail_inbox_id"":null,""number"":""7743808134"",""country_code"":""1"",""npa"":""774"",""nxx"":""380"",""xxxx"":""8134"",""number_type"":""local"",""state"":""MA"",""ratecenter"":""BRIDGEWTR"",""sms_enabled"":""1"",""cnam"":""enabled""}}",True
6ebf535f-86c4-40a3-a317-f113c7ac7dae,799cc220-5931-46d8-9a21-03ce523e8ec2,8605530426,Test,06/14/2020 03:51:25,06/15/2020 03:51:25,"""code"":200,",True
1eb15f1f-e63a-49c9-951c-0554a6fc0703,799cc220-5931-46d8-9a21-03ce523e8ec2,8605530426,Test,06/14/2020 03:55:18,06/15/2020 03:55:18,"""code"":200,",True
0bacabfe-86b9-443c-8f68-f4046a7bdfda,799cc220-5931-46d8-9a21-03ce523e8ec2,8605530426,Test,06/14/2020 03:59:03,06/15/2020 03:59:03,"""code"":200,",True
e8ca0bb2-0856-4cfb-b54b-c034da6f870d,799cc220-5931-46d8-9a21-03ce523e8ec2,8605530426,Test,06/14/2020 04:04:40,06/15/2020 04:04:40,"""code"":200,",True
ea1a2705-759e-48dd-ba2d-7169a1950c43,799cc220-5931-46d8-9a21-03ce523e8ec2,8605530426,Test,06/14/2020 04:08:24,06/15/2020 04:08:24,"""code"":200,",True
c6cb1f3a-9a94-4fa2-84d7-1a471ab18a4a,799cc220-5931-46d8-9a21-03ce523e8ec2,8605530426,Test,06/14/2020 04:11:55,06/15/2020 04:11:55,"""code"":200,",True
5ffbe8fa-2534-486b-9abf-e1febdd84277,799cc220-5931-46d8-9a21-03ce523e8ec2,8605530426,Test,06/14/2020 04:16:51,06/15/2020 04:16:51,"""code"":200,",True
82221958-70fd-4741-888a-dc5235ff3b6a,799cc220-5931-46d8-9a21-03ce523e8ec2,8605530426,Test,06/14/2020 04:21:12,06/15/2020 04:21:12,"""code"":200,",True
6a16811e-6ec0-4eee-a5e9-83b213981f61,799cc220-5931-46d8-9a21-03ce523e8ec2,8605530426,Test,06/14/2020 04:24:45,06/15/2020 04:24:45,"""code"":200,",True
d52bf8a5-0828-4479-93d6-e807a99a75ba,799cc220-5931-46d8-9a21-03ce523e8ec2,8605530426,Test,06/14/2020 15:23:18,06/15/2020 15:23:18,"""code"":200,",True
a339f4d9-731e-409b-af48-e9a20f434ec9,799cc220-5931-46d8-9a21-03ce523e8ec2,8605530426,Test,06/17/2020 02:44:34,06/18/2020 02:44:34,"""code"":200,",True
b8c8d033-d8a5-41c1-bfe2-a3da63078b09,799cc220-5931-46d8-9a21-03ce523e8ec2,8605530426,Test,06/17/2020 02:47:46,06/18/2020 02:47:46,"""code"":200,",True
fb2f3a28-397d-44c3-a27d-b2880bd3caa8,799cc220-5931-46d8-9a21-03ce523e8ec2,8605530426,Test,06/17/2020 02:51:32,06/18/2020 02:51:32,"""code"":200,",True
e0697499-0b70-4a3c-871c-27c4b713069d,123a02e1-7c9d-42e9-baf8-4177cd960194,9362749444,BulkVS,06/17/2020 00:04:51,06/17/2020 22:56:17,Not a purchasable number.,False
3db0aea5-7951-4e53-b618-9a855c279d1d,799cc220-5931-46d8-9a21-03ce523e8ec2,8605530426,Test,06/28/2020 21:23:16,06/29/2020 21:23:16,"""code"":200,",True
3d63273a-17df-48b0-98e6-2a92f05f69d2,799cc220-5931-46d8-9a21-03ce523e8ec2,8605530426,Test,06/28/2020 21:27:25,06/29/2020 21:27:25,"""code"":200,",True
5297b21c-7ca4-4ab0-b56d-170896ab386e,799cc220-5931-46d8-9a21-03ce523e8ec2,8605530426,Test,06/28/2020 21:31:34,06/29/2020 21:31:34,"""code"":200,",True
39767253-dc1d-4ada-bff5-e7d66d2f5fe1,799cc220-5931-46d8-9a21-03ce523e8ec2,8605530426,Test,07/01/2020 06:33:14,07/02/2020 06:33:14,"""code"":200,",True
729f1c83-13e3-457b-9c8e-5555aa1fc578,799cc220-5931-46d8-9a21-03ce523e8ec2,8605530426,Test,07/01/2020 06:36:36,07/02/2020 06:36:36,"""code"":200,",True
a91f3575-d739-4fb6-9488-7bfec8f152ed,799cc220-5931-46d8-9a21-03ce523e8ec2,8605530426,Test,07/01/2020 06:40:22,07/02/2020 06:40:22,"""code"":200,",True
68e6b5b0-9c8a-4520-bdc9-512f81e182e6,b80e40e7-d0d5-44fa-b22f-651a34fa6ccd,2058945206,BulkVS,07/02/2020 00:05:20,07/02/2020 09:30:05,{},False
0614cc4e-a3b5-410b-9883-c77dd5cc328f,799cc220-5931-46d8-9a21-03ce523e8ec2,8605530426,Test,07/01/2020 20:29:19,07/02/2020 20:29:19,"""code"":200,",True
8ae73da8-7822-419c-ba8b-75caa9b92620,799cc220-5931-46d8-9a21-03ce523e8ec2,8605530426,Test,07/01/2020 20:32:59,07/02/2020 20:32:59,"""code"":200,",True
c449999c-846a-49dc-8165-0e1213189bce,799cc220-5931-46d8-9a21-03ce523e8ec2,8605530426,Test,07/01/2020 20:37:25,07/02/2020 20:37:25,"""code"":200,",True
1f5e16f8-7e30-48ae-ac0e-44f06e81858e,799cc220-5931-46d8-9a21-03ce523e8ec2,8605530426,Test,07/01/2020 20:52:04,07/02/2020 20:52:04,"""code"":200,",True
3510a455-9d73-4f5f-8a03-4816ea19fd56,799cc220-5931-46d8-9a21-03ce523e8ec2,8605530426,Test,07/01/2020 20:55:50,07/02/2020 20:55:50,"""code"":200,",True
8c031477-678f-4430-a1b8-e669367976e7,799cc220-5931-46d8-9a21-03ce523e8ec2,8605530426,Test,07/01/2020 20:59:31,07/02/2020 20:59:31,"""code"":200,",True
765a24c3-987e-4810-a4f9-0d8a7ceb2171,799cc220-5931-46d8-9a21-03ce523e8ec2,8605530426,Test,07/01/2020 23:57:49,07/02/2020 23:57:49,"""code"":200,",True
da551e58-05bb-4835-af1d-05f37197c381,799cc220-5931-46d8-9a21-03ce523e8ec2,8605530426,Test,07/02/2020 00:01:48,07/03/2020 00:01:48,"""code"":200,",True
d87459f3-b64a-4e9f-bdc7-2f746c811e57,799cc220-5931-46d8-9a21-03ce523e8ec2,8605530426,Test,07/02/2020 00:05:27,07/03/2020 00:05:27,"""code"":200,",True
ea7147d2-34cc-4d4a-b65a-3aaa9ddb073d,799cc220-5931-46d8-9a21-03ce523e8ec2,8605530426,Test,07/02/2020 00:26:25,07/03/2020 00:26:25,"""code"":200,",True
d690f243-2e7d-4b83-b96a-f6a8fbe3d8b2,799cc220-5931-46d8-9a21-03ce523e8ec2,8605530426,Test,07/02/2020 00:30:14,07/03/2020 00:30:14,"""code"":200,",True
74ae98a8-03c0-48c2-b993-43a846530fed,799cc220-5931-46d8-9a21-03ce523e8ec2,8605530426,Test,07/02/2020 00:33:52,07/03/2020 00:33:52,"""code"":200,",True
fa9c3539-f0a8-457c-a69a-f51be6456607,799cc220-5931-46d8-9a21-03ce523e8ec2,8605530426,Test,07/01/2020 21:14:05,07/02/2020 21:14:05,"""code"":200,",True
3233cfcf-bb76-4c52-8ff9-5edb557116cf,f1574786-703f-4344-a941-2f0d33b3f60f,2026020615,FirstPointCom,07/01/2020 23:45:12,07/02/2020 23:05:03,Couldn't find this number.,False
0de61a73-cb40-45e8-bd29-6fbe423c0f48,799cc220-5931-46d8-9a21-03ce523e8ec2,8605530426,Test,07/02/2020 17:21:40,07/03/2020 17:21:40,"""code"":200,",True
7c2d9d04-4d8e-4b5e-9bfd-3a80c577d7d7,799cc220-5931-46d8-9a21-03ce523e8ec2,8605530426,Test,07/02/2020 17:24:52,07/03/2020 17:24:52,"""code"":200,",True
6086659b-71ae-40cb-a7e0-943fd9884c00,799cc220-5931-46d8-9a21-03ce523e8ec2,8605530426,Test,07/02/2020 17:28:46,07/03/2020 17:28:46,"""code"":200,",True
1c91ea95-39a9-462e-bcf9-580342763bd1,799cc220-5931-46d8-9a21-03ce523e8ec2,8605530426,Test,07/03/2020 20:53:22,07/04/2020 20:53:22,"""code"":200,",True
dff96e56-06a3-4894-b8ca-a38c22d9df1a,799cc220-5931-46d8-9a21-03ce523e8ec2,8605530426,Test,07/03/2020 20:57:04,07/04/2020 20:57:04,"""code"":200,",True
9c7696a5-6fba-4e5f-8724-1f7fc52b0b24,799cc220-5931-46d8-9a21-03ce523e8ec2,8605530426,Test,07/03/2020 21:01:14,07/04/2020 21:01:14,"""code"":200,",True
d08e80bd-d700-4a1f-933f-2190c3e80570,799cc220-5931-46d8-9a21-03ce523e8ec2,8605530426,Test,07/03/2020 21:04:33,07/04/2020 21:04:33,"""code"":200,",True
5291e38f-3479-484d-9ec4-24d62d222b29,d3a50e78-c8ac-47ae-94fc-020b1679473b,2065394943,FirstPointCom,07/03/2020 23:45:01,07/04/2020 21:09:20,"{""code"":0,""text"":""Order sent in! Provisioning may take some time, especially with SMS enablement.""}",False
7b83b75f-a4a3-4332-8cf6-dcb0cfed06cf,799cc220-5931-46d8-9a21-03ce523e8ec2,8605530426,Test,07/04/2020 04:11:57,07/05/2020 04:11:57,"""code"":200,",True
878ffa5a-ebc1-4493-989e-7f3df46d6441,799cc220-5931-46d8-9a21-03ce523e8ec2,8605530426,Test,07/04/2020 04:16:06,07/05/2020 04:16:06,"""code"":200,",True
e8d3af7f-97c5-424a-8563-70bac63f56b2,799cc220-5931-46d8-9a21-03ce523e8ec2,8605530426,Test,07/04/2020 04:20:02,07/05/2020 04:20:02,"""code"":200,",True
13cf85eb-37ca-43bd-90d7-275b0c7eec12,799cc220-5931-46d8-9a21-03ce523e8ec2,8605530426,Test,07/04/2020 04:24:15,07/05/2020 04:24:15,"""code"":200,",True
e6eea6f7-2eb3-404e-a4f8-9868b443b008,799cc220-5931-46d8-9a21-03ce523e8ec2,8605530426,Test,07/04/2020 04:31:01,07/05/2020 04:31:01,"""code"":200,",True
46b3bdb5-1191-427f-ac14-c2d2c5788e5c,799cc220-5931-46d8-9a21-03ce523e8ec2,8605530426,Test,07/04/2020 04:35:51,07/05/2020 04:35:51,"""code"":200,",True
1a3ed26e-8b77-4a07-a3ad-5162c9067294,799cc220-5931-46d8-9a21-03ce523e8ec2,8605530426,Test,07/04/2020 04:39:52,07/05/2020 04:39:52,"""code"":200,",True
bcca3d0f-4dc7-48b2-b8fe-9fa3044d47ed,799cc220-5931-46d8-9a21-03ce523e8ec2,8605530426,Test,07/04/2020 04:44:49,07/05/2020 04:44:49,"""code"":200,",True
1a7ab90e-5671-42d1-b862-f855a28bf697,799cc220-5931-46d8-9a21-03ce523e8ec2,8605530426,Test,07/04/2020 05:34:52,07/05/2020 05:34:52,"""code"":200,",True
8979b996-db8a-45bd-9d77-15dea52830dd,799cc220-5931-46d8-9a21-03ce523e8ec2,8605530426,Test,07/04/2020 05:38:24,07/05/2020 05:38:24,"""code"":200,",True
9b91151a-36e1-48ac-90d4-fbb913cfeabb,799cc220-5931-46d8-9a21-03ce523e8ec2,8605530426,Test,07/04/2020 05:42:44,07/05/2020 05:42:44,"""code"":200,",True
48170e9b-37a1-4fec-ad0c-2e6d1d6cfb26,799cc220-5931-46d8-9a21-03ce523e8ec2,8605530426,Test,07/04/2020 05:46:49,07/05/2020 05:46:49,"""code"":200,",True
90f78cb5-b3c4-4e52-83b7-1b28576ee8a3,799cc220-5931-46d8-9a21-03ce523e8ec2,8605530426,Test,07/04/2020 19:02:42,07/05/2020 19:02:42,"""code"":200,",True
a91ba605-c34c-4523-a33e-070343ab8943,799cc220-5931-46d8-9a21-03ce523e8ec2,8605530426,Test,07/04/2020 19:06:59,07/05/2020 19:06:59,"""code"":200,",True
7cd102ec-dc00-41af-a495-5d02ba7d175e,799cc220-5931-46d8-9a21-03ce523e8ec2,8605530426,Test,07/04/2020 19:11:03,07/05/2020 19:11:03,"""code"":200,",True
025afa14-9470-4abe-84af-2bbfb9be11c3,799cc220-5931-46d8-9a21-03ce523e8ec2,8605530426,Test,07/04/2020 19:15:22,07/05/2020 19:15:22,"""code"":200,",True
2928f7b2-2954-40d9-b1ee-35395b6fa6c2,2c3baba2-0f67-4759-af2e-1d77c68582e4,3603053587,BulkVS,07/05/2020 00:04:42,07/05/2020 20:03:22,{},False
965af225-04e2-4371-9555-2c02de752d10,a909ea2a-1f89-4da4-b3c8-5eaa39dc5fa4,2065394943,FirstPointCom,07/04/2020 23:45:04,07/05/2020 21:26:12,Couldn't find this number.,False
d75274db-e2ed-4af1-a17c-9d6b9060720f,6330d588-9b10-4cc7-a579-0703099a6273,4252010344,FirstPointCom,07/04/2020 23:45:11,07/05/2020 21:39:03,"{""code"":0,""text"":""Order sent in! Provisioning may take some time, especially with SMS enablement.""}",False
03841b1a-c947-40a8-887a-c6cf0f631fac,768e3c26-e212-4ebf-a534-dd71515630fe,2065121630,FirstPointCom,07/04/2020 23:45:04,07/05/2020 21:52:08,"{""code"":0,""text"":""Order sent in! Provisioning may take some time, especially with SMS enablement.""}",False
c96fe334-319a-4b42-9b3e-3deee60365d3,799cc220-5931-46d8-9a21-03ce523e8ec2,8605530426,Test,07/05/2020 05:21:32,07/06/2020 05:21:32,"""code"":200,",True
de1a89f6-467b-44e4-aa62-4341681fd1d5,799cc220-5931-46d8-9a21-03ce523e8ec2,8605530426,Test,07/05/2020 05:25:02,07/06/2020 05:25:02,"""code"":200,",True
8918bbe5-f5ff-4a98-ba2f-a32a54004056,799cc220-5931-46d8-9a21-03ce523e8ec2,8605530426,Test,07/05/2020 05:28:16,07/06/2020 05:28:16,"""code"":200,",True
1e5d06ea-76ab-450a-8397-d4f760428847,799cc220-5931-46d8-9a21-03ce523e8ec2,8605530426,Test,07/05/2020 05:31:36,07/06/2020 05:31:36,"""code"":200,",True
0ec43fbb-724b-42da-a34f-997677710846,799cc220-5931-46d8-9a21-03ce523e8ec2,8605530426,Test,07/04/2020 22:36:22,07/05/2020 22:36:22,"""code"":200,",True
55f06dd2-7435-417b-9bd1-620c045e74af,799cc220-5931-46d8-9a21-03ce523e8ec2,8605530426,Test,07/05/2020 05:52:46,07/06/2020 05:52:46,"""code"":200,",True
064487a6-d0cd-4ea3-a752-d8f6d067f00e,799cc220-5931-46d8-9a21-03ce523e8ec2,8605530426,Test,07/05/2020 05:56:40,07/06/2020 05:56:40,"""code"":200,",True
c78b9d4e-29d5-4fe5-b8cb-f4bbdcc4ff0d,799cc220-5931-46d8-9a21-03ce523e8ec2,8605530426,Test,07/05/2020 06:00:48,07/06/2020 06:00:48,"""code"":200,",True
940f2a56-eb00-4f8d-addf-5cc8c3db40d5,799cc220-5931-46d8-9a21-03ce523e8ec2,8605530426,Test,07/05/2020 06:04:38,07/06/2020 06:04:38,"""code"":200,",True
815bf2a2-5dc9-4e91-a073-f5453e3497fe,d415d0a2-9f82-4fb7-a561-30f3e2355968,2065945829,TeleMessage,07/06/2020 06:29:01,07/06/2020 08:05:49,"{""code"":200,""status"":""success"",""data"":{""id"":""25677260"",""user_id"":""396"",""call_flow_id"":""20044"",""channel_group_id"":""65"",""voicemail_inbox_id"":null,""number"":""2065945829"",""country_code"":""1"",""npa"":""206"",""nxx"":""594"",""xxxx"":""5829"",""number_type"":""local"",""state"":""WA"",""ratecenter"":""SEATTLE"",""sms_enabled"":""1"",""cnam"":""enabled""}}",True
d77d52ed-17b3-4137-a60d-3ab0226ac470,adce64d0-e1f1-4639-8b50-81c5548836d3,2054980605,BulkVS,07/06/2020 00:00:54,07/06/2020 10:21:45,{},False
7f0ed328-22d9-4f25-a580-42a9098f719a,0e806a59-ef20-49b6-ba4e-7f453e95c3d8,2054980765,BulkVS,07/06/2020 00:00:54,07/06/2020 10:51:19,{},False
9c527773-0d0e-410f-8d73-3099a1f36919,8a6fe31b-03f9-43ef-953c-72f9aac3fe47,2054982141,BulkVS,07/06/2020 00:00:54,07/06/2020 14:07:28,{},False
1a1efaf6-a55a-4434-9589-07fc44bbeb69,56e592fb-740f-4fc8-bc75-fb69465575d4,2054983524,BulkVS,07/06/2020 00:00:54,07/06/2020 15:55:38,"description: OK, cnamlookup: Enabled, dn: 12054983524, lidb: , portoutpin: 94917665, trunkgroup: SFO",True
20bb4e2f-4b41-46bf-bcd9-7d174f5271cd,799cc220-5931-46d8-9a21-03ce523e8ec2,8605530426,Test,07/05/2020 16:13:50,07/06/2020 16:13:50,"""code"":200,",True
f6d59209-15dd-415b-bead-fdc2deec90a8,799cc220-5931-46d8-9a21-03ce523e8ec2,8605530426,Test,07/05/2020 23:15:42,07/06/2020 23:15:42,"""code"":200,",True
dab76677-c0d8-4811-b0fd-97c90099bfc0,799cc220-5931-46d8-9a21-03ce523e8ec2,8605530426,Test,07/05/2020 23:19:29,07/06/2020 23:19:29,"""code"":200,",True
2907e5c7-0ea1-4fd3-87ce-256cbad05418,799cc220-5931-46d8-9a21-03ce523e8ec2,8605530426,Test,07/05/2020 23:23:18,07/06/2020 23:23:18,"""code"":200,",True
4d2507f9-66ba-4c8e-8ca6-c12d29970fc0,0cff8705-f684-4ac6-9f71-110ea39683ca,2065945899,BulkVS,07/06/2020 00:00:54,07/06/2020 18:06:21,"description: OK, cnamlookup: Enabled, dn: 12065945899, lidb: , portoutpin: 52842550, trunkgroup: SFO",True
5874e62a-9596-4e5d-b777-d3f4e39c99aa,799cc220-5931-46d8-9a21-03ce523e8ec2,8605530426,Test,07/09/2020 03:36:04,07/10/2020 03:36:04,"""code"":200,",True
ed3bd7a3-3561-4b64-b7a1-7856f4143b43,799cc220-5931-46d8-9a21-03ce523e8ec2,8605530426,Test,07/09/2020 03:39:43,07/10/2020 03:39:43,"""code"":200,",True
71eaba7c-1153-4251-abff-edc7b36c3771,799cc220-5931-46d8-9a21-03ce523e8ec2,8605530426,Test,07/08/2020 20:41:48,07/09/2020 20:41:48,"""code"":200,",True
7a763bbb-4049-4e3b-80c3-c8ce5aa1acda,799cc220-5931-46d8-9a21-03ce523e8ec2,8605530426,Test,07/09/2020 03:43:18,07/10/2020 03:43:18,"""code"":200,",True
377a6a1b-9e92-445b-a189-1c84a57eed40,799cc220-5931-46d8-9a21-03ce523e8ec2,8605530426,Test,07/09/2020 03:49:25,07/10/2020 03:49:25,"""code"":200,",True
e3a244b2-75d5-410d-8d82-bb7d14893b56,799cc220-5931-46d8-9a21-03ce523e8ec2,8605530426,Test,07/09/2020 03:53:27,07/10/2020 03:53:27,"""code"":200,",True
973c25c4-1b13-45b3-99d6-c6b68555c809,799cc220-5931-46d8-9a21-03ce523e8ec2,8605530426,Test,07/09/2020 03:57:18,07/10/2020 03:57:18,"""code"":200,",True
fd0ea13b-9e6e-49c4-8756-ab2c81ecd13b,95eedff5-757c-478c-a776-58b0c3d9b4f1,2122715885,FirstPointCom,07/10/2020 23:45:07,07/11/2020 12:50:29,"{""code"":0,""text"":""Order sent in! Provisioning may take some time, especially with SMS enablement.""}",True
f942a4cd-dd67-4501-b021-2e6287e0577e,b62c7a7c-42da-4117-b12a-9da828d96259,2122715885,FirstPointCom,07/10/2020 23:45:07,07/11/2020 12:52:59,"{""code"":0,""text"":""Order sent in! Provisioning may take some time, especially with SMS enablement.""}",True
315d3b75-7ce6-44ef-a949-0dc243eb8f54,b62c7a7c-42da-4117-b12a-9da828d96259,4259063030,TeleMessage,07/11/2020 06:49:47,07/11/2020 12:53:05,"{""code"":200,""status"":""success"",""data"":{""id"":""25991993"",""user_id"":""396"",""call_flow_id"":""20044"",""channel_group_id"":""65"",""voicemail_inbox_id"":null,""number"":""4259063030"",""country_code"":""1"",""npa"":""425"",""nxx"":""906"",""xxxx"":""3030"",""number_type"":""local"",""state"":""WA"",""ratecenter"":""MAPLE VLY"",""sms_enabled"":""1"",""cnam"":""enabled""}}",True
988f54ac-9b82-4940-9c26-084ce57ae383,7b9cc89e-089a-4a9b-8df1-734867ab57e3,2122715885,FirstPointCom,07/10/2020 23:45:07,07/11/2020 12:55:31,"{""code"":0,""text"":""Order sent in! Provisioning may take some time, especially with SMS enablement.""}",True
abd4bc16-612a-4327-83e3-dd3e16c4e147,86960c3a-8823-4adb-94bb-297d0844466d,2068588756,FirstPointCom,07/10/2020 23:45:06,07/11/2020 13:09:14,"{""code"":0,""text"":""Order sent in! Provisioning may take some time, especially with SMS enablement.""}",True
f54292a2-3055-46f4-80e1-885523330449,86960c3a-8823-4adb-94bb-297d0844466d,2068588277,FirstPointCom,07/10/2020 23:45:06,07/11/2020 13:09:15,"{""code"":0,""text"":""Order sent in! Provisioning may take some time, especially with SMS enablement.""}",True
b902852b-f152-45fa-b8e8-54c77bc58e14,86960c3a-8823-4adb-94bb-297d0844466d,2065945922,TeleMessage,07/11/2020 06:49:45,07/11/2020 13:09:19,"{""code"":200,""status"":""success"",""data"":{""id"":""25982187"",""user_id"":""396"",""call_flow_id"":""20044"",""channel_group_id"":""65"",""voicemail_inbox_id"":null,""number"":""2065945922"",""country_code"":""1"",""npa"":""206"",""nxx"":""594"",""xxxx"":""5922"",""number_type"":""local"",""state"":""WA"",""ratecenter"":""SEATTLE"",""sms_enabled"":""1"",""cnam"":""enabled""}}",True
795733b9-16e3-49e7-9b13-9fffcfef576d,86960c3a-8823-4adb-94bb-297d0844466d,2065946274,BulkVS,07/11/2020 00:01:59,07/11/2020 13:09:25,"description: OK, cnamlookup: Enabled, dn: 12065946274, lidb: , portoutpin: 9857235, trunkgroup: SFO",True
d57a2c9a-f748-484a-b394-a2223a886472,799cc220-5931-46d8-9a21-03ce523e8ec2,8605530426,Test,07/10/2020 13:32:52,07/11/2020 13:32:52,"""code"":200,",True
b47df00c-fd73-4383-9b71-b6c4a861bdec,799cc220-5931-46d8-9a21-03ce523e8ec2,8605530426,Test,07/11/2020 01:47:14,07/12/2020 01:47:14,"""code"":200,",True
899674f5-339e-47e7-a427-d4ef7002b30b,8181a19c-a2f5-4ac9-a7ed-01064d4154f3,2016206241,FirstPointCom,07/10/2020 23:45:06,07/11/2020 18:48:56,"{""code"":0,""text"":""Order sent in! Provisioning may take some time, especially with SMS enablement.""}",True
71c6b321-b08e-419c-9e8f-8d199c5e0b2e,8181a19c-a2f5-4ac9-a7ed-01064d4154f3,2065946468,BulkVS,07/11/2020 00:01:59,07/11/2020 18:49:07,"description: OK, cnamlookup: Enabled, dn: 12065946468, lidb: , portoutpin: 22850857, trunkgroup: SFO",True
695173f7-4b06-48e1-8e30-6ae4cd9d9d7f,88e3fbc9-ac77-4132-8562-f62a2438e4c3,2016206241,FirstPointCom,07/10/2020 23:45:06,07/11/2020 18:49:24,"{""code"":0,""text"":""Order sent in! Provisioning may take some time, especially with SMS enablement.""}",True
5d432503-901f-4c54-a86b-65c156987ffd,ccf60be2-3ab6-4d0c-9be8-b5d9dfe7cb4e,2016206241,FirstPointCom,07/10/2020 23:45:06,07/11/2020 18:49:39,"{""code"":0,""text"":""Order sent in! Provisioning may take some time, especially with SMS enablement.""}",True
c09c2be8-e120-4d1f-9818-188be14f5acf,799cc220-5931-46d8-9a21-03ce523e8ec2,8605530426,Test,07/11/2020 01:51:19,07/12/2020 01:51:19,"""code"":200,",True
3e3acdf1-a909-4eae-9739-727dde47a00b,799cc220-5931-46d8-9a21-03ce523e8ec2,8605530426,Test,07/11/2020 01:54:50,07/12/2020 01:54:50,"""code"":200,",True
7386513c-fed4-4531-a179-f92ceff7a01f,799cc220-5931-46d8-9a21-03ce523e8ec2,8605530426,Test,07/11/2020 01:58:44,07/12/2020 01:58:44,"""code"":200,",True
da1e948b-bb3e-4c6f-bb60-9d063fd0d7ea,9d6c75e2-ee84-4a28-be0c-ed7b832b68bf,2064944637,FirstPointCom,07/10/2020 23:45:06,07/11/2020 19:31:41,"{""code"":0,""text"":""Order sent in! Provisioning may take some time, especially with SMS enablement.""}",True
7e73fe8c-f3f7-43ce-b8dd-c1cd2d25a704,9d6c75e2-ee84-4a28-be0c-ed7b832b68bf,2065946268,BulkVS,07/11/2020 00:01:59,07/11/2020 19:31:49,"description: OK, cnamlookup: Enabled, dn: 12065946268, lidb: , portoutpin: 8601415, trunkgroup: SFO",True
d1337938-0402-4704-9be7-37f55b44c436,9d6c75e2-ee84-4a28-be0c-ed7b832b68bf,2026020615,FirstPointCom,07/10/2020 23:45:06,07/11/2020 19:31:53,"{""code"":0,""text"":""Order sent in! Provisioning may take some time, especially with SMS enablement.""}",True
6ec07d48-0588-42d6-9fd8-3f813e00fef6,6147fce8-b66a-486f-9a3e-08a38cbab1c8,2065945927,TeleMessage,07/11/2020 06:49:34,07/11/2020 19:35:05,"{""code"":200,""status"":""success"",""data"":{""id"":""25982190"",""user_id"":""396"",""call_flow_id"":""20044"",""channel_group_id"":""65"",""voicemail_inbox_id"":null,""number"":""2065945927"",""country_code"":""1"",""npa"":""206"",""nxx"":""594"",""xxxx"":""5927"",""number_type"":""local"",""state"":""WA"",""ratecenter"":""SEATTLE"",""sms_enabled"":""1"",""cnam"":""enabled""}}",True
ce8d3dca-5271-4852-baf3-a9823fc47b04,6147fce8-b66a-486f-9a3e-08a38cbab1c8,2064205408,FirstPointCom,07/10/2020 23:45:06,07/11/2020 19:35:09,"{""code"":0,""text"":""Order sent in! Provisioning may take some time, especially with SMS enablement.""}",True
4d61f20d-2970-4fd3-9003-ca874feca3d1,799cc220-5931-46d8-9a21-03ce523e8ec2,8605530426,Test,07/19/2020 01:54:54,07/20/2020 01:54:54,"""code"":200,",True
0d70a32e-a73d-4f8c-a262-1dfb8ed19db6,6147fce8-b66a-486f-9a3e-08a38cbab1c8,2065946270,BulkVS,07/11/2020 00:01:59,07/11/2020 19:35:20,"description: OK, cnamlookup: Enabled, dn: 12065946270, lidb: , portoutpin: 46917141, trunkgroup: SFO",True
b95244cc-e0c6-4ba6-aa0e-5aa8f91dfd9e,799cc220-5931-46d8-9a21-03ce523e8ec2,8605530426,Test,07/11/2020 02:44:18,07/12/2020 02:44:18,"""code"":200,",True
d9e7753e-950b-4474-9072-03c8dd32ddfe,799cc220-5931-46d8-9a21-03ce523e8ec2,8605530426,Test,07/11/2020 02:48:26,07/12/2020 02:48:26,"""code"":200,",True
5212120c-5e0d-4585-b394-ca7e6c764232,799cc220-5931-46d8-9a21-03ce523e8ec2,8605530426,Test,07/11/2020 02:52:36,07/12/2020 02:52:36,"""code"":200,",True
508fe7d1-c9ca-4652-9835-d2880bf1e2ee,799cc220-5931-46d8-9a21-03ce523e8ec2,8605530426,Test,07/11/2020 02:56:41,07/12/2020 02:56:41,"""code"":200,",True
43e42ed6-4d42-475e-80d9-df190c561f0f,799cc220-5931-46d8-9a21-03ce523e8ec2,8605530426,Test,07/11/2020 03:24:30,07/12/2020 03:24:30,"""code"":200,",True
5ed40b8d-0710-4807-a61c-c87c9b297826,799cc220-5931-46d8-9a21-03ce523e8ec2,8605530426,Test,07/11/2020 03:27:52,07/12/2020 03:27:52,"""code"":200,",True
91a04e05-3d68-4c6a-a69c-43d779c1204f,799cc220-5931-46d8-9a21-03ce523e8ec2,8605530426,Test,07/11/2020 03:32:09,07/12/2020 03:32:09,"""code"":200,",True
1813ffff-1a72-42ce-b954-913e20969cee,799cc220-5931-46d8-9a21-03ce523e8ec2,8605530426,Test,07/11/2020 03:36:24,07/12/2020 03:36:24,"""code"":200,",True
9aef1f4c-e210-4afa-a41f-5e6886c208fb,afeaf1e6-9ac9-45c2-9a3f-5d27de57c625,2018751238,FirstPointCom,07/10/2020 23:45:06,07/11/2020 22:26:38,"{""code"":0,""text"":""Order sent in! Provisioning may take some time, especially with SMS enablement.""}",True
a6f042b7-e0d7-4fdc-8ddb-4ca0ba5549b6,afeaf1e6-9ac9-45c2-9a3f-5d27de57c625,2094145512,BulkVS,07/11/2020 00:02:01,07/11/2020 22:26:46,"description: OK, cnamlookup: Enabled, dn: 12094145512, lidb: , portoutpin: 49160245, trunkgroup: SFO",True
2c56035d-89f0-4cb3-89b6-d3a51860feea,afeaf1e6-9ac9-45c2-9a3f-5d27de57c625,2145617512,FirstPointCom,07/10/2020 23:45:09,07/11/2020 22:26:47,"{""code"":0,""text"":""Order sent in! Provisioning may take some time, especially with SMS enablement.""}",True
ce5a4530-3f92-426d-bc30-fd0748413b37,799cc220-5931-46d8-9a21-03ce523e8ec2,8605530426,Test,07/11/2020 22:26:01,07/12/2020 22:26:01,"""code"":200,",True
368f5372-5c19-4409-bcac-74f3df91a924,799cc220-5931-46d8-9a21-03ce523e8ec2,8605530426,Test,07/12/2020 05:57:42,07/13/2020 05:57:42,"""code"":200,",True
4d4c0aa7-ef1e-4606-b355-7387011b6278,799cc220-5931-46d8-9a21-03ce523e8ec2,8605530426,Test,07/12/2020 06:01:49,07/13/2020 06:01:49,"""code"":200,",True
09abc211-2f0f-4a1d-bdb4-817353c7ed1b,799cc220-5931-46d8-9a21-03ce523e8ec2,8605530426,Test,07/12/2020 06:06:35,07/13/2020 06:06:35,"""code"":200,",True
ba03c46b-7027-40ec-9ef5-2ce2da0a9648,799cc220-5931-46d8-9a21-03ce523e8ec2,8605530426,Test,07/12/2020 06:11:27,07/13/2020 06:11:27,"""code"":200,",True
d6c351d3-f5dc-44ab-9353-0766e4cc4bfa,f546ee3f-0328-40f5-aff4-aa3c5123460a,2065946171,TeleMessage,07/13/2020 06:59:15,07/13/2020 12:33:53,"{""code"":200,""status"":""success"",""data"":{""id"":""25990700"",""user_id"":""396"",""call_flow_id"":""20044"",""channel_group_id"":""65"",""voicemail_inbox_id"":null,""number"":""2065946171"",""country_code"":""1"",""npa"":""206"",""nxx"":""594"",""xxxx"":""6171"",""number_type"":""local"",""state"":""WA"",""ratecenter"":""SEATTLE"",""sms_enabled"":""1"",""cnam"":""enabled""}}",True
c7c91171-de7e-46cf-82f7-11c1c3399689,799cc220-5931-46d8-9a21-03ce523e8ec2,8605530426,Test,07/13/2020 04:16:38,07/14/2020 04:16:38,"""code"":200,",True
9e28d255-1997-41df-91c2-1b6bbc27614f,799cc220-5931-46d8-9a21-03ce523e8ec2,8605530426,Test,07/13/2020 04:20:25,07/14/2020 04:20:25,"""code"":200,",True
3986b1c4-ff53-4984-9eac-db4f234ff039,799cc220-5931-46d8-9a21-03ce523e8ec2,8605530426,Test,07/13/2020 04:24:34,07/14/2020 04:24:34,"""code"":200,",True
2ac13636-23da-4e33-a838-c8c22f0720c2,799cc220-5931-46d8-9a21-03ce523e8ec2,8605530426,Test,07/13/2020 04:28:26,07/14/2020 04:28:26,"""code"":200,",True
a89e8c78-9c8d-42d3-9840-c779296c2e5b,799cc220-5931-46d8-9a21-03ce523e8ec2,8605530426,Test,07/13/2020 12:59:56,07/14/2020 12:59:56,"""code"":200,",True
d8db7d5b-7ca7-440e-b469-5de8c23cb094,799cc220-5931-46d8-9a21-03ce523e8ec2,8605530426,Test,07/13/2020 20:22:30,07/14/2020 20:22:30,"""code"":200,",True
db684ed3-c631-4573-a094-a0f575aa8f49,799cc220-5931-46d8-9a21-03ce523e8ec2,8605530426,Test,07/13/2020 20:27:01,07/14/2020 20:27:01,"""code"":200,",True
f718b800-d25c-4f72-b40b-bd17f43fc227,799cc220-5931-46d8-9a21-03ce523e8ec2,8605530426,Test,07/13/2020 20:31:28,07/14/2020 20:31:28,"""code"":200,",True
36e49af4-572b-4fdf-a472-260792c73d20,799cc220-5931-46d8-9a21-03ce523e8ec2,8605530426,Test,07/13/2020 20:34:53,07/14/2020 20:34:53,"""code"":200,",True
35406fa5-d187-4074-b83c-0c07e3d45ac9,799cc220-5931-46d8-9a21-03ce523e8ec2,8605530426,Test,07/13/2020 21:12:20,07/14/2020 21:12:20,"""code"":200,",True
1005ac57-bc69-4f23-b145-3c696c5ca391,799cc220-5931-46d8-9a21-03ce523e8ec2,8605530426,Test,07/13/2020 21:16:29,07/14/2020 21:16:29,"""code"":200,",True
730b80d5-4939-47de-94c6-24c8b4887aff,799cc220-5931-46d8-9a21-03ce523e8ec2,8605530426,Test,07/13/2020 21:21:27,07/14/2020 21:21:27,"""code"":200,",True
fd9d999b-3be7-43a0-a34f-3e47d9ff6381,799cc220-5931-46d8-9a21-03ce523e8ec2,8605530426,Test,07/13/2020 21:25:36,07/14/2020 21:25:36,"""code"":200,",True
cb6a0394-c1e1-4bc2-bb3a-313c24c09173,799cc220-5931-46d8-9a21-03ce523e8ec2,8605530426,Test,07/13/2020 21:57:32,07/14/2020 21:57:32,"""code"":200,",True
d8339750-ccdc-449c-843c-f67051fc22e9,799cc220-5931-46d8-9a21-03ce523e8ec2,8605530426,Test,07/13/2020 22:03:30,07/14/2020 22:03:30,"""code"":200,",True
6775a098-5379-4146-a876-db6587429640,799cc220-5931-46d8-9a21-03ce523e8ec2,8605530426,Test,07/13/2020 22:08:48,07/14/2020 22:08:48,"""code"":200,",True
16a79fae-f199-400d-a1b7-d291a6e0eb1e,799cc220-5931-46d8-9a21-03ce523e8ec2,8605530426,Test,07/13/2020 22:14:40,07/14/2020 22:14:40,"""code"":200,",True
2e6b95c8-4e31-4467-a4d7-5a50141c0f62,799cc220-5931-46d8-9a21-03ce523e8ec2,8605530426,Test,07/13/2020 22:55:55,07/14/2020 22:55:55,"""code"":200,",True
ee966163-7a9b-403d-9c55-22f3de33a487,799cc220-5931-46d8-9a21-03ce523e8ec2,8605530426,Test,07/13/2020 23:00:16,07/14/2020 23:00:16,"""code"":200,",True
aa2284af-3459-4f15-8af5-ed35ed0a5def,799cc220-5931-46d8-9a21-03ce523e8ec2,8605530426,Test,07/13/2020 23:04:17,07/14/2020 23:04:17,"""code"":200,",True
0651b083-9d62-42f3-9e72-39e723a023d0,799cc220-5931-46d8-9a21-03ce523e8ec2,8605530426,Test,07/13/2020 23:08:30,07/14/2020 23:08:30,"""code"":200,",True
535017da-5369-49ac-a098-7ce957747e6a,799cc220-5931-46d8-9a21-03ce523e8ec2,8605530426,Test,07/14/2020 18:10:31,07/15/2020 18:10:31,"""code"":200,",True
e6494858-1652-4399-b7a2-9db66d20e23e,799cc220-5931-46d8-9a21-03ce523e8ec2,8605530426,Test,07/14/2020 18:14:29,07/15/2020 18:14:29,"""code"":200,",True
80616789-ff3e-4e3f-bfee-c45bfba52b21,799cc220-5931-46d8-9a21-03ce523e8ec2,8605530426,Test,07/14/2020 18:18:09,07/15/2020 18:18:09,"""code"":200,",True
aaa13f6c-061a-4360-ae5e-98000281e380,799cc220-5931-46d8-9a21-03ce523e8ec2,8605530426,Test,07/14/2020 11:19:27,07/15/2020 11:19:27,"""code"":200,",True
4ce47d13-f0ae-4b82-a9a4-4257c41e27c7,799cc220-5931-46d8-9a21-03ce523e8ec2,8605530426,Test,07/14/2020 18:21:50,07/15/2020 18:21:50,"""code"":200,",True
ea00c1a5-7fe1-45fc-8687-62e155695696,799cc220-5931-46d8-9a21-03ce523e8ec2,8605530426,Test,07/14/2020 18:28:28,07/15/2020 18:28:28,"""code"":200,",True
9a5a824c-2098-4cae-9659-a5ed04868741,799cc220-5931-46d8-9a21-03ce523e8ec2,8605530426,Test,07/14/2020 18:32:31,07/15/2020 18:32:31,"""code"":200,",True
f5b314bb-7010-4f60-a10c-319269e99453,799cc220-5931-46d8-9a21-03ce523e8ec2,8605530426,Test,07/14/2020 18:36:27,07/15/2020 18:36:27,"""code"":200,",True
dc1fff67-951c-41af-ac18-20e0bf2befe3,799cc220-5931-46d8-9a21-03ce523e8ec2,8605530426,Test,07/14/2020 18:40:26,07/15/2020 18:40:26,"""code"":200,",True
69cdabd6-b385-4d0c-8b5c-3a4ae5ed41c1,d0ab6375-67a6-47a6-bc9a-7753e5731f52,4252253102,BulkVS,07/15/2020 13:02:25,07/15/2020 13:44:29,"description: OK, cnamlookup: Enabled, dn: 14252253102, lidb: , portoutpin: 37020805, trunkgroup: SFO",True
11e27dc3-aa25-496a-922a-d89475d1c8aa,d0ab6375-67a6-47a6-bc9a-7753e5731f52,4252253103,BulkVS,07/15/2020 13:02:25,07/15/2020 13:44:35,"description: OK, cnamlookup: Enabled, dn: 14252253103, lidb: , portoutpin: 39415381, trunkgroup: SFO",True
38917370-d8e1-46e1-8927-7e62489e49ea,d0ab6375-67a6-47a6-bc9a-7753e5731f52,4252253104,BulkVS,07/15/2020 13:02:25,07/15/2020 13:44:41,"description: OK, cnamlookup: Enabled, dn: 14252253104, lidb: , portoutpin: 69882461, trunkgroup: SFO",True
4bbcbfad-c8c0-41a7-bca3-ea3eb3790c62,d0ab6375-67a6-47a6-bc9a-7753e5731f52,4252253105,BulkVS,07/15/2020 13:02:25,07/15/2020 13:44:50,"description: OK, cnamlookup: Enabled, dn: 14252253105, lidb: , portoutpin: 82885756, trunkgroup: SFO",True
4f0139ff-c959-482a-b6dc-95e1cd141afb,d0ab6375-67a6-47a6-bc9a-7753e5731f52,4252253106,BulkVS,07/15/2020 13:02:25,07/15/2020 13:44:55,"description: OK, cnamlookup: Enabled, dn: 14252253106, lidb: , portoutpin: 15234035, trunkgroup: SFO",True
e48af851-b892-4d44-9f1b-41c443616593,d0ab6375-67a6-47a6-bc9a-7753e5731f52,4252253107,BulkVS,07/15/2020 13:02:25,07/15/2020 13:45:05,"description: OK, cnamlookup: Enabled, dn: 14252253107, lidb: , portoutpin: 6795313, trunkgroup: SFO",True
75cd6201-7db0-4e4b-8c08-a15e547d4907,d0ab6375-67a6-47a6-bc9a-7753e5731f52,4252253111,BulkVS,07/15/2020 13:02:25,07/15/2020 13:45:11,"description: OK, cnamlookup: Enabled, dn: 14252253111, lidb: , portoutpin: 55371204, trunkgroup: SFO",True
eac69f41-ca43-4624-a84f-3d81c91b715c,d0ab6375-67a6-47a6-bc9a-7753e5731f52,4252253108,BulkVS,07/15/2020 13:02:25,07/15/2020 13:45:16,"description: OK, cnamlookup: Enabled, dn: 14252253108, lidb: , portoutpin: 16802483, trunkgroup: SFO",True
905679c7-0017-472a-9909-086bec7d6bc7,d0ab6375-67a6-47a6-bc9a-7753e5731f52,4252253109,BulkVS,07/15/2020 13:02:25,07/15/2020 13:45:23,"description: OK, cnamlookup: Enabled, dn: 14252253109, lidb: , portoutpin: 23815444, trunkgroup: SFO",True
2666c9b8-1809-42cb-b065-070c2e74e3c5,d0ab6375-67a6-47a6-bc9a-7753e5731f52,4252253110,BulkVS,07/15/2020 13:02:25,07/15/2020 13:45:29,"description: OK, cnamlookup: Enabled, dn: 14252253110, lidb: , portoutpin: 90652187, trunkgroup: SFO",True
803572c0-a909-4c15-8cb5-60cabeef9a3d,d0ab6375-67a6-47a6-bc9a-7753e5731f52,4252253112,BulkVS,07/15/2020 13:02:25,07/15/2020 13:45:40,"description: OK, cnamlookup: Enabled, dn: 14252253112, lidb: , portoutpin: 14431304, trunkgroup: SFO",True
0dfabec3-6fbe-467f-b530-da0c37101aea,d0ab6375-67a6-47a6-bc9a-7753e5731f52,4252253113,BulkVS,07/15/2020 13:02:25,07/15/2020 13:45:46,"description: OK, cnamlookup: Enabled, dn: 14252253113, lidb: , portoutpin: 96590215, trunkgroup: SFO",True
8b4d1c1d-b61d-4d58-b7f6-71d233349e58,d0ab6375-67a6-47a6-bc9a-7753e5731f52,4252253114,BulkVS,07/15/2020 13:02:25,07/15/2020 13:45:52,"description: OK, cnamlookup: Enabled, dn: 14252253114, lidb: , portoutpin: 12679542, trunkgroup: SFO",True
a545d3a1-16af-44ec-bbd0-e2c8dedcb71e,d0ab6375-67a6-47a6-bc9a-7753e5731f52,4252253115,BulkVS,07/15/2020 13:02:25,07/15/2020 13:45:58,"description: OK, cnamlookup: Enabled, dn: 14252253115, lidb: , portoutpin: 32107118, trunkgroup: SFO",True
8ac1125d-c4d5-470c-b7e3-1e57aa0d5600,d0ab6375-67a6-47a6-bc9a-7753e5731f52,4252253116,BulkVS,07/15/2020 13:02:25,07/15/2020 13:46:04,"description: OK, cnamlookup: Enabled, dn: 14252253116, lidb: , portoutpin: 52427792, trunkgroup: SFO",True
30b54e4d-2e9a-48a2-801c-5bdf4b2082ac,d0ab6375-67a6-47a6-bc9a-7753e5731f52,4252253117,BulkVS,07/15/2020 13:02:25,07/15/2020 13:46:10,"description: OK, cnamlookup: Enabled, dn: 14252253117, lidb: , portoutpin: 71830409, trunkgroup: SFO",True
6ba12a7b-c478-4945-85e1-0ede5ebe284b,d0ab6375-67a6-47a6-bc9a-7753e5731f52,4252253118,BulkVS,07/15/2020 13:02:25,07/15/2020 13:46:21,"description: OK, cnamlookup: Enabled, dn: 14252253118, lidb: , portoutpin: 35286544, trunkgroup: SFO",True
29641469-30e9-4195-a8c7-aadd6f223136,d0ab6375-67a6-47a6-bc9a-7753e5731f52,4252253119,BulkVS,07/15/2020 13:02:25,07/15/2020 13:46:27,"description: OK, cnamlookup: Enabled, dn: 14252253119, lidb: , portoutpin: 44623151, trunkgroup: SFO",True
70c2c5c8-56bd-4020-b366-35af4dd0c190,d0ab6375-67a6-47a6-bc9a-7753e5731f52,4252253120,BulkVS,07/15/2020 13:02:25,07/15/2020 13:46:33,"description: OK, cnamlookup: Enabled, dn: 14252253120, lidb: , portoutpin: 71992995, trunkgroup: SFO",True
3a411996-991a-46e1-829e-d4dd9a027f55,d0ab6375-67a6-47a6-bc9a-7753e5731f52,4252253121,BulkVS,07/15/2020 13:02:25,07/15/2020 13:46:39,"description: OK, cnamlookup: Enabled, dn: 14252253121, lidb: , portoutpin: 54151327, trunkgroup: SFO",True
9e26159a-6961-4c54-bf40-5f05ad9596d3,c63f8b92-3e35-442b-a1ed-2f4b3e3d15c7,2064205408,FirstPointCom,07/15/2020 13:44:42,07/15/2020 14:30:11,"{""code"":0,""text"":""Order sent in! Provisioning may take some time, especially with SMS enablement.""}",True
05f30df7-36ae-494c-b457-f4db486c6afb,3d5c152f-94a6-4c7a-8c66-b4fabf40cdc9,2067052885,BulkVS,07/15/2020 14:31:36,07/15/2020 14:37:18,"description: OK, cnamlookup: Enabled, dn: 12067052885, lidb: , portoutpin: 63692714, trunkgroup: SFO",True
605f1ad2-7a24-4c6a-b94a-1e5df5da9efa,6082d65d-6ef5-4dd6-8d61-d3685ef8758e,2067052825,BulkVS,07/15/2020 14:31:36,07/15/2020 14:37:41,"description: OK, cnamlookup: Enabled, dn: 12067052825, lidb: , portoutpin: 25240653, trunkgroup: SFO",True
b93daa09-5e56-44b1-9889-e1e90143c02d,799cc220-5931-46d8-9a21-03ce523e8ec2,8605530426,Test,07/14/2020 21:41:28,07/15/2020 21:41:28,"""code"":200,",True
1c879a4b-8a6f-4f4d-83b4-ef1aaa4582de,799cc220-5931-46d8-9a21-03ce523e8ec2,8605530426,Test,07/14/2020 21:45:34,07/15/2020 21:45:34,"""code"":200,",True
6f5777e2-7b52-4cd1-a015-7fe84b4f421b,799cc220-5931-46d8-9a21-03ce523e8ec2,8605530426,Test,07/14/2020 21:49:07,07/15/2020 21:49:07,"""code"":200,",True
7c917e10-3e2f-404c-b8fe-3d0c86825f96,799cc220-5931-46d8-9a21-03ce523e8ec2,8605530426,Test,07/14/2020 21:53:40,07/15/2020 21:53:40,"""code"":200,",True
8839b49f-7dc0-4cba-9367-8af7d399b634,799cc220-5931-46d8-9a21-03ce523e8ec2,8605530426,Test,07/14/2020 21:58:49,07/15/2020 21:58:49,"""code"":200,",True
1b1f584a-cc90-43c9-b91b-e83767f647cd,799cc220-5931-46d8-9a21-03ce523e8ec2,8605530426,Test,07/14/2020 22:02:31,07/15/2020 22:02:31,"""code"":200,",True
a46f605f-c4f8-46c3-b214-ed3eeaae05fc,799cc220-5931-46d8-9a21-03ce523e8ec2,8605530426,Test,07/14/2020 22:06:27,07/15/2020 22:06:27,"""code"":200,",True
52260f6a-7939-4ce9-8a69-0744999e8004,799cc220-5931-46d8-9a21-03ce523e8ec2,8605530426,Test,07/14/2020 22:10:21,07/15/2020 22:10:21,"""code"":200,",True
5387bcf1-be3a-488f-8d8b-88ec10cde6c6,799cc220-5931-46d8-9a21-03ce523e8ec2,8605530426,Test,07/15/2020 05:02:35,07/16/2020 05:02:35,"""code"":200,",True
55effaed-8ac2-4906-94fd-e37111431926,799cc220-5931-46d8-9a21-03ce523e8ec2,8605530426,Test,07/15/2020 05:05:57,07/16/2020 05:05:57,"""code"":200,",True
8e245b36-0942-44b2-8773-f83f3150e5d4,799cc220-5931-46d8-9a21-03ce523e8ec2,8605530426,Test,07/15/2020 05:09:31,07/16/2020 05:09:31,"""code"":200,",True
fcaf799c-b415-4a53-b204-ec57a6e49b67,799cc220-5931-46d8-9a21-03ce523e8ec2,8605530426,Test,07/15/2020 05:13:07,07/16/2020 05:13:08,"""code"":200,",True
82b1c635-00ca-42f7-83da-e0fa8fa87c98,799cc220-5931-46d8-9a21-03ce523e8ec2,8605530426,Test,07/15/2020 17:01:44,07/16/2020 17:01:44,"""code"":200,",True
9b590930-19e0-429d-becc-4c929a6299da,799cc220-5931-46d8-9a21-03ce523e8ec2,8605530426,Test,07/15/2020 17:06:11,07/16/2020 17:06:11,"""code"":200,",True
7d0a574c-1bc7-4c67-b6cc-7e16b60004e6,799cc220-5931-46d8-9a21-03ce523e8ec2,8605530426,Test,07/15/2020 17:09:38,07/16/2020 17:09:38,"""code"":200,",True
75945266-e179-4967-96d5-10b82d00a6f1,799cc220-5931-46d8-9a21-03ce523e8ec2,8605530426,Test,07/15/2020 17:13:39,07/16/2020 17:13:39,"""code"":200,",True
2f9f74ef-38aa-430f-a505-50278b7a4717,799cc220-5931-46d8-9a21-03ce523e8ec2,8605530426,Test,07/15/2020 22:54:24,07/16/2020 22:54:24,"""code"":200,",True
6d72daad-2d22-4698-bf92-b3176cb8ffba,799cc220-5931-46d8-9a21-03ce523e8ec2,8605530426,Test,07/15/2020 22:58:32,07/16/2020 22:58:32,"""code"":200,",True
16fed045-4342-494c-ac2b-08d9f964923b,799cc220-5931-46d8-9a21-03ce523e8ec2,8605530426,Test,07/15/2020 23:03:31,07/16/2020 23:03:31,"""code"":200,",True
396974a0-48ca-4adb-8d7e-5c46332712e4,799cc220-5931-46d8-9a21-03ce523e8ec2,8605530426,Test,07/15/2020 23:07:57,07/16/2020 23:07:57,"""code"":200,",True
3bcac78b-6531-4ef7-8d8b-f29d9b025a7b,799cc220-5931-46d8-9a21-03ce523e8ec2,8605530426,Test,07/15/2020 23:21:48,07/16/2020 23:21:48,"""code"":200,",True
5147aa79-7f68-4060-b4cf-df1025cc5cdc,799cc220-5931-46d8-9a21-03ce523e8ec2,8605530426,Test,07/15/2020 23:26:26,07/16/2020 23:26:26,"""code"":200,",True
1317e185-0f37-4d3c-b540-cb0c517df88f,799cc220-5931-46d8-9a21-03ce523e8ec2,8605530426,Test,07/15/2020 23:31:36,07/16/2020 23:31:36,"""code"":200,",True
c17bb44e-7b77-4039-b619-dab8c0df7e56,799cc220-5931-46d8-9a21-03ce523e8ec2,8605530426,Test,07/15/2020 23:35:36,07/16/2020 23:35:36,"""code"":200,",True
8e7756d0-8881-4a91-94af-0a124f0320c9,799cc220-5931-46d8-9a21-03ce523e8ec2,8605530426,Test,07/16/2020 06:34:01,07/17/2020 06:34:01,"""code"":200,",True
7993bf75-c11c-4f7f-bd1e-56d1d0e302bb,799cc220-5931-46d8-9a21-03ce523e8ec2,8605530426,Test,07/16/2020 06:38:10,07/17/2020 06:38:10,"""code"":200,",True
2a9b5cd3-269b-4b8a-b2ef-035d96437f2f,799cc220-5931-46d8-9a21-03ce523e8ec2,8605530426,Test,07/16/2020 06:42:34,07/17/2020 06:42:34,"""code"":200,",True
05504cdc-246b-42a3-a346-75d11127a096,799cc220-5931-46d8-9a21-03ce523e8ec2,8605530426,Test,07/16/2020 06:47:28,07/17/2020 06:47:28,"""code"":200,",True
34c83a6a-c67d-476a-b587-7e63b175fba2,799cc220-5931-46d8-9a21-03ce523e8ec2,8605530426,Test,07/16/2020 17:57:53,07/17/2020 17:57:53,"""code"":200,",True
d6589d90-6676-4d48-8eb9-2ebdbf81aa89,799cc220-5931-46d8-9a21-03ce523e8ec2,8605530426,Test,07/16/2020 18:02:01,07/17/2020 18:02:01,"""code"":200,",True
11ca11ba-8de1-43a2-bdc2-54ac769c9a5e,799cc220-5931-46d8-9a21-03ce523e8ec2,8605530426,Test,07/16/2020 18:06:37,07/17/2020 18:06:37,"""code"":200,",True
ba8baae4-7ca7-441c-9788-31dee61412ed,799cc220-5931-46d8-9a21-03ce523e8ec2,8605530426,Test,07/16/2020 18:10:41,07/17/2020 18:10:41,"""code"":200,",True
9016ad72-0b1b-4dba-af56-ace006e94786,799cc220-5931-46d8-9a21-03ce523e8ec2,8605530426,Test,07/17/2020 18:30:55,07/18/2020 18:30:55,"""code"":200,",True
d0f0d3d8-40bc-4602-955a-58c3b55dd23f,799cc220-5931-46d8-9a21-03ce523e8ec2,8605530426,Test,07/17/2020 18:34:46,07/18/2020 18:34:46,"""code"":200,",True
334bce32-77ab-420f-9709-6e2dd8a64df2,799cc220-5931-46d8-9a21-03ce523e8ec2,8605530426,Test,07/17/2020 18:39:01,07/18/2020 18:39:01,"""code"":200,",True
921ee2ef-b059-4417-830f-cd5b43b88057,799cc220-5931-46d8-9a21-03ce523e8ec2,8605530426,Test,07/17/2020 18:42:22,07/18/2020 18:42:22,"""code"":200,",True
2a752c3e-61b4-4cc7-80b3-a54ff662fd4a,799cc220-5931-46d8-9a21-03ce523e8ec2,8605530426,Test,07/18/2020 22:28:17,07/19/2020 22:28:17,"""code"":200,",True
524c1d8c-61aa-43e5-a128-b6a8e2ffbe55,799cc220-5931-46d8-9a21-03ce523e8ec2,8605530426,Test,07/18/2020 22:32:19,07/19/2020 22:32:19,"""code"":200,",True
ae1e8815-8983-47ba-ac50-15266cd5318c,799cc220-5931-46d8-9a21-03ce523e8ec2,8605530426,Test,07/18/2020 22:35:53,07/19/2020 22:35:53,"""code"":200,",True
6ac9a360-7bd9-475f-bac1-c4cef16e39e7,799cc220-5931-46d8-9a21-03ce523e8ec2,8605530426,Test,07/18/2020 22:39:42,07/19/2020 22:39:42,"""code"":200,",True
9defd173-ef02-49d1-ba82-7f90ed7132f8,799cc220-5931-46d8-9a21-03ce523e8ec2,8605530426,Test,07/19/2020 00:02:24,07/20/2020 00:02:24,"""code"":200,",True
d3d88f6e-93dd-4307-ae93-d3b6c42f4133,1812b0c7-4929-4ba6-a92e-dc3580dfcad3,2125499999,FirstPointCom,07/19/2020 16:14:45,07/19/2020 17:05:39,"{""code"":0,""text"":""Order sent in! Provisioning may take some time, especially with SMS enablement.""}",True
220e2644-fe4c-48bf-a9e1-38b891fc9e28,799cc220-5931-46d8-9a21-03ce523e8ec2,8605530426,Test,07/19/2020 00:38:38,07/20/2020 00:38:38,"""code"":200,",True
0e067465-646e-4167-9abf-33bca5eba37a,799cc220-5931-46d8-9a21-03ce523e8ec2,8605530426,Test,07/19/2020 00:42:36,07/20/2020 00:42:36,"""code"":200,",True
41fa9ff5-8bd9-44c6-a937-0382db9f21b8,799cc220-5931-46d8-9a21-03ce523e8ec2,8605530426,Test,07/19/2020 00:45:56,07/20/2020 00:45:56,"""code"":200,",True
bc82c1de-7ef7-4607-a647-2346e309ffa8,799cc220-5931-46d8-9a21-03ce523e8ec2,8605530426,Test,07/19/2020 00:52:28,07/20/2020 00:52:28,"""code"":200,",True
f4330b2f-a8e1-4b98-b33b-46758e566d78,799cc220-5931-46d8-9a21-03ce523e8ec2,8605530426,Test,07/19/2020 00:57:18,07/20/2020 00:57:18,"""code"":200,",True
d9a2adca-a815-4b66-991d-5af423653c13,799cc220-5931-46d8-9a21-03ce523e8ec2,8605530426,Test,07/19/2020 01:01:00,07/20/2020 01:01:00,"""code"":200,",True
6fd08000-d879-4bf1-a7a7-eba024c9df29,799cc220-5931-46d8-9a21-03ce523e8ec2,8605530426,Test,07/19/2020 01:05:30,07/20/2020 01:05:30,"""code"":200,",True
609dbe10-1096-4631-9e3d-267507d5e177,799cc220-5931-46d8-9a21-03ce523e8ec2,8605530426,Test,07/19/2020 01:47:27,07/20/2020 01:47:27,"""code"":200,",True
32d15840-077a-4653-96f9-8d403a797b32,799cc220-5931-46d8-9a21-03ce523e8ec2,8605530426,Test,07/19/2020 01:50:53,07/20/2020 01:50:53,"""code"":200,",True
e9a5d153-d0b6-4c7e-b5e2-14199b24ecf0,799cc220-5931-46d8-9a21-03ce523e8ec2,8605530426,Test,07/19/2020 02:19:37,07/20/2020 02:19:37,"""code"":200,",True
75d483cf-0dfc-4455-a966-03bd27452e5b,799cc220-5931-46d8-9a21-03ce523e8ec2,8605530426,Test,07/20/2020 00:41:39,07/21/2020 00:41:39,"""code"":200,",True
03abf432-db2d-4a0a-906c-e59beb0baa8d,799cc220-5931-46d8-9a21-03ce523e8ec2,8605530426,Test,07/20/2020 00:45:28,07/21/2020 00:45:28,"""code"":200,",True
2854d4f2-d1d7-4d70-91ef-611687abc086,799cc220-5931-46d8-9a21-03ce523e8ec2,8605530426,Test,07/20/2020 00:49:37,07/21/2020 00:49:37,"""code"":200,",True
cfb0068d-d670-4839-b128-c08a46ab934c,799cc220-5931-46d8-9a21-03ce523e8ec2,8605530426,Test,07/20/2020 00:53:38,07/21/2020 00:53:38,"""code"":200,",True
71106473-7a3f-4f3f-ad68-c9baa3d7caeb,799cc220-5931-46d8-9a21-03ce523e8ec2,8605530426,Test,07/20/2020 17:38:38,07/21/2020 17:38:38,"""code"":200,",True
b5172478-9ce0-4d02-b3e5-bebaa577adea,799cc220-5931-46d8-9a21-03ce523e8ec2,8605530426,Test,07/20/2020 17:42:37,07/21/2020 17:42:37,"""code"":200,",True
06777181-b92c-4014-83ab-9a99ff604415,799cc220-5931-46d8-9a21-03ce523e8ec2,8605530426,Test,07/20/2020 17:46:55,07/21/2020 17:46:55,"""code"":200,",True
e645df0c-c86c-48b9-8b80-bc9d5ee7b4ed,799cc220-5931-46d8-9a21-03ce523e8ec2,8605530426,Test,07/20/2020 17:53:35,07/21/2020 17:53:35,"""code"":200,",True
